<?xml version="1.0" encoding="UTF-8"?>
<modification>
    <id>Replace the css property in heading title in Shipping method step</id>
    <version>1.0</version>
    <vqmver>2.X</vqmver>
    <author>Tuts+</author>
    <file name="catalog/view/theme/default/template/checkout/checkout.tpl">
        <operation info="Replace the css property in heading title in Shipping method step">
            <search position="replace"><![CDATA[
                <?php echo $header; ?>
            ]]></search>
            <add><![CDATA[
                <?php echo $header; ?>
                <?php 
                    echo '<input type="hidden" name="logged" value="' . $logged . '" />';
                    echo '<input type="hidden" name="total_price" value="' . $total_price . '" />';
                    //echo '<input type="hidden" name="prods" value="' . $prods . '" />';
                    echo '<textarea name="prods" style="display: none;">' . $prods . '</textarea>';
                    
                    echo '<input type="hidden" name="c_first_name" value="' . $first_name . '" />';
                    echo '<input type="hidden" name="c_last_name" value="' . $last_name . '" />';
                    echo '<input type="hidden" name="c_company" value="' . $company . '" />';
                    echo '<input type="hidden" name="c_address" value="' . $address . '" />';
                    echo '<input type="hidden" name="c_city" value="' . $city . '" />';
                    echo '<input type="hidden" name="c_email" value="' . $email . '" />';
                    echo '<input type="hidden" name="c_phone" value="' . $phone . '" />';
                    
                    if (isset($bpost_account_id)) echo $bpost_account_id;
                    if (isset($bpost_passphrase)) echo $bpost_passphrase;
                ?>
            ]]></add>
        </operation>
    </file>
</modification>