<?xml version="1.0" encoding="UTF-8"?>
<modification>
    <id>Replace the css property in heading title in Shipping method step</id>
    <version>1.0</version>
    <vqmver>2.X</vqmver>
    <author>Tuts+</author>
    <file name="catalog/view/theme/default/template/common/header.tpl">
        <operation info="Replace the css property in heading title in Shipping method step">
            <search position="replace"><![CDATA[
                <script src="catalog/view/javascript/bootstrap/js/bootstrap.min.js" type="text/javascript"></script>
            ]]></search>
            <add><![CDATA[
                <script type="text/javascript" src="catalog/view/javascript/jquery/jquery-ui-1.8.17.custom.min.js"></script>
                <script src="catalog/view/javascript/bootstrap/js/bootstrap.min.js" type="text/javascript"></script>
            ]]></add>
        </operation>
    </file>
</modification>