<?xml version="1.0" encoding="UTF-8"?>
<modification>
    <id>Replace the css property in heading title in Shipping method step</id>
    <version>1.0</version>
    <vqmver>2.X</vqmver>
    <author>Tuts+</author>
    <file name="catalog/model/checkout/order.php">
        <operation info="Replace the css property in heading title in Shipping method step">
            <search position="replace"><![CDATA[
                public function addOrderHistory($order_id, $order_status_id, $comment = '', $notify = false) {
            ]]></search>
            <add><![CDATA[
                public function getBpostOrder($order_id){
                    $bpost_query = $this->db->query("SELECT bpost_id FROM `" . DB_PREFIX . "order_bpost_mapping` WHERE order_id = '" . (int)$order_id . "'");
                    if ($bpost_query->num_rows) {
                        $bpost_id = $bpost_query->row['bpost_id'];
                    } else {
                        $bpost_id = 0;
                    }
                    return $bpost_id;
                }

                public function addOrderHistory($order_id, $order_status_id, $comment = '', $notify = false) {
            ]]></add>
        </operation>
        <operation info="Replace the css property in heading title in Shipping method step">
            <search position="replace"><![CDATA[
                $order_id = $this->db->getLastId();
            ]]></search>
            <add><![CDATA[
                $order_id = $this->db->getLastId();
                if($data['shipping_method'] == 'BPost')
                    $this->db->query("INSERT INTO `" . DB_PREFIX . "order_bpost_mapping` SET order_id = '" . $this->db->escape($order_id) . "', bpost_id = '" . $this->session->data['bpost_reference'] . "'");
            ]]></add>
        </operation>
    </file>
</modification>